geneID,logFC,logCPM,F,PValue,FDR
Ceric.17G013200.v2.1,-3.1265699437549705,5.415299862317508,395.655686341518,3.576658027845173e-8,2.5170888216105054e-4
Ceric.33G065100.v2.1,-3.2402640521815833,4.568379274399123,333.68350966127605,7.045808138258926e-8,2.5170888216105054e-4
Ceric.19G008800.v2.1,-3.0664482753000453,2.742713320777999,184.02441073106766,7.395303921599971e-7,3.700051238240842e-4
Ceric.17G068600.v2.1,-3.2446061810490763,2.6393323162093143,171.022653986089,9.879246691899356e-7,3.9249247427083396e-4
Ceric.03G060200.v2.1,-3.4292308012556427,3.262160316654732,179.94184537577786,8.054027578085463e-7,3.700051238240842e-4
Ceric.09G060600.v2.1,-3.412414471374369,3.6764467510723495,194.5743007675042,5.920897093434045e-7,3.5005303761856686e-4
Ceric.14G091200.v2.1,-3.2041226592536898,3.082396712264171,221.89829233197548,3.5471581701673055e-7,2.854345237628778e-4
Ceric.1Z223800.v2.1,-2.9611026843897617,3.6077502789295193,201.34920552929935,5.173641992600511e-7,3.4181386088402986e-4
Ceric.16G034400.v2.1,-3.1474229719804576,3.2547113002896535,200.0871172019677,5.312764009168921e-7,3.4181386088402986e-4
Ceric.04G098200.v2.1,-3.1174150191277668,2.542674165695295,169.49063177510652,1.0227232472428587e-6,3.9249247427083396e-4
Ceric.05G000600.v2.1,-3.160279128135632,4.118455259973091,196.8140512173405,5.652278922992938e-7,3.476328635147693e-4
Ceric.10G023600.v2.1,-3.06619114306633,3.6971805907172723,189.47094619420074,6.562310650964019e-7,3.700051238240842e-4
Ceric.32G020300.v2.1,-3.4969827031527245,4.282498927329733,275.987074835632,1.4957698237190472e-7,2.5170888216105054e-4
Ceric.38G036800.v2.1,-3.5454737923974804,3.5916872354141427,228.08888442272894,3.178945114107394e-7,2.7815769748439697e-4
Ceric.1Z097100.v2.1,-3.3054957988382005,5.381402629327505,258.3395906785401,1.9392481699971657e-7,2.5170888216105054e-4
Ceric.01G128600.v2.1,-3.307680380289942,3.556694941543493,237.0498539814492,2.7294763771991884e-7,2.7815769748439697e-4
Ceric.1Z325400.v2.1,-3.0315707678017567,2.9866241569990217,176.46487180148793,8.685349092530427e-7,3.700051238240842e-4
Ceric.19G032100.v2.1,-2.7659558327497864,2.7797908257060846,164.13506411827447,1.1509113643863298e-6,4.0763926528929124e-4
Ceric.12G068400.v2.1,-2.7636015574515422,4.144162703366677,175.87000010348802,8.765310240839027e-7,3.700051238240842e-4
Ceric.03G064200.v2.1,-3.1788390227496124,3.2595970174689364,254.32013356337973,2.071204516068073e-7,2.5170888216105054e-4
Ceric.1Z231400.v2.1,-2.9268975037354084,3.0289189623798594,209.10129787792505,4.4717220377089257e-7,3.056841236715086e-4
Ceric.28G006600.v2.1,-2.9874584649826077,2.320078717734402,186.91408432463135,7.007567300006377e-7,3.700051238240842e-4
Ceric.04G088700.v2.1,-2.815670362940025,3.4700908634274334,185.2190419115403,7.170580524836169e-7,3.700051238240842e-4
Ceric.07G024600.v2.1,-3.008201674010909,4.270839289624107,291.8085572785444,1.1990480405373976e-7,2.5170888216105054e-4
Ceric.18G032400.v2.1,-2.881920990616578,4.2653746938163195,232.7103235043598,2.928093057954593e-7,2.7815769748439697e-4
Ceric.04G109200.v2.1,-2.7853600740928703,6.413777153377185,183.03879890507227,7.495560480428866e-7,3.700051238240842e-4
Ceric.07G021300.v2.1,-2.686496216420315,2.4307515764811205,175.1725090080153,8.960568857156063e-7,3.700051238240842e-4
Ceric.10G065300.v2.1,-2.7820504906381966,1.8846350717095337,170.07869994164807,1.0204398412682526e-6,3.9249247427083396e-4
Ceric.15G068800.v2.1,-2.794759524909993,1.9915640468996103,161.62484517969307,1.2391287303134436e-6,4.0763926528929124e-4
Ceric.1Z187300.v2.1,-2.838788837764969,3.3134417111884815,187.32211933488625,6.864869038618595e-7,3.700051238240842e-4
Ceric.39G047000.v2.1,-2.5763047122735006,3.918438635357347,176.83372891627573,8.581513885676836e-7,3.700051238240842e-4
Ceric.06G034100.v2.1,-2.017566915859303,7.387863245146487,162.00399444754422,1.205410177270935e-6,4.0763926528929124e-4
Ceric.13G068500.v2.1,-1.8079052790686305,4.618976526033329,176.83332494906938,8.575901855174366e-7,3.700051238240842e-4
Ceric.21G068900.v2.1,-2.427735506319702,4.900811581820971,164.429090039851,1.1380860763098278e-6,4.0763926528929124e-4
Ceric.09G099800.v2.1,-2.368501642996485,4.707766269506329,166.10135245043884,1.0943274052383356e-6,4.057357964337049e-4
Ceric.27G043100.v2.1,-2.4675616695994718,4.512467049704645,174.58532155467032,9.015698275345018e-7,3.700051238240842e-4
Ceric.39G024000.v2.1,-2.5062292866526863,3.786874426055148,213.40904198260307,4.115089782452331e-7,3.0005862997048243e-4
Ceric.1Z286500.v2.1,-2.4777573690240557,4.326814723784707,220.4610877899986,3.6202767919581784e-7,2.854345237628778e-4
Ceric.1Z243200.v2.1,-2.297449143475689,2.943078951167311,163.8431180775342,1.1561281507656376e-6,4.0763926528929124e-4
Ceric.1Z226000.v2.1,-2.346855430131679,5.640795145882002,262.4860682358684,1.8205856906906183e-7,2.5170888216105054e-4
Ceric.24G014400.v2.1,-2.2334868146026317,4.580723680248044,247.03647443038426,2.3133216961151263e-7,2.663363794869389e-4
Ceric.25G047800.v2.1,-2.235377197141946,4.242204385325687,176.82689775974566,8.578963391091735e-7,3.700051238240842e-4
Ceric.1Z105200.v2.1,-2.050680415186987,5.034013273988848,161.8117959669002,1.2112190833625274e-6,4.0763926528929124e-4
Ceric.1Z041100.v2.1,-2.1180670956663983,4.369274552325541,166.81112594356833,1.0763606282793353e-6,4.057357964337049e-4
Ceric.08G022900.v2.1,-4.221432304601414,4.988399527928123,254.49084540464713,2.0599301245096484e-7,2.5170888216105054e-4
Ceric.05G037100.v2.1,-5.457433285004998,2.9575469356540043,310.2378490583122,9.753036776230499e-8,2.5170888216105054e-4
Ceric.32G007500.v2.1,-4.388399080100089,2.802323212178048,266.73678210618425,1.805240945603496e-7,2.5170888216105054e-4
Ceric.32G022000.v2.1,-4.300957085500678,3.670108114953842,277.46719934322965,1.4796503814850893e-7,2.5170888216105054e-4
Ceric.18G001800.v2.1,-5.1220898451581505,1.0221848690726112,132.08492243184818,5.721043696700203e-7,3.476328635147693e-4
Ceric.30G050100.v2.1,-6.695330763402789,3.907354679648633,488.52092478248426,1.4888378535951879e-8,2.5170888216105054e-4
Ceric.11G091400.v2.1,6.015228653088169,3.772851040951712,266.6861558060753,1.7422090672356343e-7,2.5170888216105054e-4
Ceric.21G075300.v2.1,6.484478107560904,3.1123982860004946,177.55138446495894,9.133840770971678e-7,3.700051238240842e-4
Ceric.36G000100.v2.1,6.114679317273145,3.406640972225597,211.4362136530563,4.433963233633823e-7,3.056841236715086e-4
Ceric.27G035200.v2.1,7.509830664556677,1.2368721618793819,144.85787258378048,7.499217598662437e-8,2.5170888216105054e-4
Ceric.1Z280800.v2.1,5.035329271510006,5.021222031310888,96.52695977214687,8.772051539280901e-6,9.13755368675094e-4
Ceric.24G081900.v2.1,5.398819159759028,5.153480290926418,95.89492648359828,8.993923484872384e-6,9.150794243329461e-4
Ceric.16G059000.v2.1,6.858096111369839,2.425386085920091,208.87224996604184,3.6535619041648354e-7,2.854345237628778e-4
Ceric.26G004600.v2.1,6.538576806552747,4.418515332960069,235.9254972439549,2.812478382644632e-7,2.7815769748439697e-4
Ceric.21G075200.v2.1,6.574496823703574,5.986232856988612,103.4379374733679,6.757849926723533e-6,8.193231113490772e-4
Ceric.11G029500.v2.1,6.467648041088384,3.9156253187660655,148.54823816163767,1.7315694306520169e-6,4.794693834875047e-4
Ceric.21G075100.v2.1,7.2810421336976265,5.418584707778079,124.52724286066825,3.3509859763638046e-6,5.911517599432115e-4
Ceric.13G000100.v2.1,4.5685582822179445,7.034639885361967,436.41754199098693,2.418261798786632e-8,2.5170888216105054e-4
Ceric.1Z237000.v2.1,4.8788713606501855,1.8797944418743975,115.26853063962095,4.683766708357139e-6,6.801995493473397e-4
Ceric.29G005200.v2.1,3.9058627288515226,1.8211511694376092,109.88247929929545,5.4212624517700626e-6,7.365845722513673e-4
Ceric.17G026400.v2.1,3.6187331694705844,1.9400846627189048,104.64515019099035,6.495216668379881e-6,8.193231113490772e-4
Ceric.06G010300.v2.1,4.338792131571771,0.659226415702499,121.98893637385704,3.847784562852014e-6,6.244225244928929e-4
Ceric.12G011300.v2.1,4.115783192624659,3.4456478042830017,228.3045703600251,3.1605972721256805e-7,2.7815769748439697e-4
Ceric.08G054200.v2.1,4.503899831862729,0.9253432697030601,144.63549167469515,2.0163562827858826e-6,5.175573980505566e-4
Ceric.26G000100.v2.1,4.71740297679721,1.7081751615064804,145.2617444619047,1.938576806700961e-6,5.048377100783754e-4
Ceric.17G046900.v2.1,4.6596283129019875,2.455597344881493,176.4883128217429,8.772595775181038e-7,3.700051238240842e-4
Ceric.05G048200.v2.1,5.948406467939482,-0.3302273167356053,106.1343978886217,3.892365818707797e-7,2.9360518029045884e-4
Ceric.23G028900.v2.1,5.038758390745428,0.7339908796475565,141.58397240304885,1.876868160816097e-6,5.006889148518551e-4
Ceric.24G015300.v2.1,6.637177355547122,-0.4060387437692992,62.65129911317418,9.58905337008716e-6,9.622043232598928e-4
Ceric.05G043000.v2.1,3.90409024626542,6.880468927647534,131.77968489931644,2.6770828041747366e-6,5.524640220879468e-4
Ceric.05G040300.v2.1,4.414262850961086,4.36174801668603,103.82255326725185,6.65951310632866e-6,8.193231113490772e-4
Ceric.1Z280900.v2.1,4.649331554229018,5.083761501588687,126.13544018571568,3.1687712615673193e-6,5.883514956075542e-4
Ceric.38G027400.v2.1,5.691851068878488,0.5369274798632876,83.90590744970481,7.74292229532893e-6,8.685970523606172e-4
Ceric.11G091500.v2.1,4.948731635073983,8.391416266242784,113.79648765669185,4.695320317780493e-6,6.801995493473397e-4
Ceric.09G038900.v2.1,4.666066128343365,4.6282859851976985,273.99576147996225,1.5380560914630809e-7,2.5170888216105054e-4
Ceric.27G035300.v2.1,5.62186712190919,0.9563247076774354,276.2845170322413,9.933457536947323e-8,2.5170888216105054e-4
Ceric.20G033400.v2.1,4.897431868386188,2.2320738116948906,181.3318208438154,8.042931321522516e-7,3.700051238240842e-4
Ceric.27G071200.v2.1,4.8940642655488595,11.759478403769217,233.49734873969726,2.8869814849629454e-7,2.7815769748439697e-4
Ceric.28G052200.v2.1,2.956978420914125,1.6519868250348817,98.53276483046365,8.14199493930801e-6,8.689464640015585e-4
Ceric.33G019000.v2.1,2.9288118580693694,3.3342600281530976,99.53767134393907,7.810669565806458e-6,8.689464640015585e-4
Ceric.04G027700.v2.1,3.406013202452501,2.9233900391509153,259.4974616730503,1.9081764026385426e-7,2.5170888216105054e-4
Ceric.38G027100.v2.1,4.518034564360675,-1.1502379707981902,76.43252104104637,4.457046825955405e-6,6.677938309436607e-4
Ceric.09G025600.v2.1,2.7277691120343133,7.548312870141551,98.67899487832328,8.066386224957776e-6,8.689464640015585e-4
Ceric.35G066200.v2.1,1.4267763204200485,5.913509029586643,93.15184312048261,1.0025053062352316e-5,9.833992634033942e-4
Ceric.11G044000.v2.1,1.3205130954317992,6.216171582620431,98.2226720855784,8.20889443572577e-6,8.716969212694234e-4
Ceric.03G078600.v2.1,2.400663176751021,4.460597533983425,132.97521474595501,2.5860505728927947e-6,5.492219056507755e-4
Ceric.25G071100.v2.1,2.417858653828246,2.562621993639662,103.76179511238563,6.675305858055981e-6,8.193231113490772e-4
Ceric.22G060500.v2.1,2.4813936572765716,2.360055786318454,99.1438933659056,7.932779586105262e-6,8.689464640015585e-4
Ceric.37G000300.v2.1,2.3589707777971887,1.5814479124441436,118.04662686736384,4.092867212626579e-6,6.441112969511253e-4
Ceric.19G024800.v2.1,2.0785269290343327,2.448359632487026,102.69596953884084,6.9410937046659106e-6,8.237142627237951e-4
Ceric.30G001100.v2.1,2.051577674457466,4.749048713983559,134.2709729761053,2.491027938645845e-6,5.449123615787786e-4
Ceric.11G036000.v2.1,2.07927620036075,5.896512690613163,97.51308989892931,8.436792523883994e-6,8.830374950237435e-4
Ceric.20G084700.v2.1,1.8735371770362026,3.954228700287468,110.84491860864115,5.190701461390635e-6,7.278627850507702e-4
Ceric.37G028100.v2.1,1.796161225098496,4.495554640795824,131.95769339279633,2.6632508584924626e-6,5.524640220879468e-4
Ceric.10G074300.v2.1,1.7575641746084194,6.189320834648208,125.63702729003123,3.215608804504615e-6,5.889636370619763e-4
Ceric.18G028900.v2.1,1.7555680919218195,5.991209599862467,133.32840823233832,2.5594441464236214e-6,5.489003990491835e-4
